,Pathway
E-GEOD-11428,Androgen
E-GEOD-11467,Estrogen
E-GEOD-11791,Estrogen
E-GEOD-14043,Androgen
E-GEOD-14107,WNT
E-GEOD-18592,Estrogen
E-GEOD-19445,Androgen
E-GEOD-19736,WNT
E-GEOD-26351,WNT
E-GEOD-28305,Androgen
E-GEOD-31118,Estrogen
E-GEOD-33143,WNT
E-GEOD-35272,WNT
E-GEOD-40794,Androgen
E-GEOD-43521,Androgen
E-GEOD-44418,Androgen
E-GEOD-44905,Androgen
E-GEOD-45033,Androgen
E-GEOD-47203,Androgen
E-GEOD-48989,Estrogen
E-GEOD-50695,Estrogen
E-GEOD-51524,Androgen
E-GEOD-55624,WNT
E-GEOD-56188,Androgen
E-GEOD-57935,Estrogen
E-GEOD-59345,Estrogen
E-GEOD-60882,Estrogen
E-GEOD-65238,WNT
E-GEOD-65738,Androgen
E-GEOD-6803,Estrogen
E-GEOD-75208,Estrogen
E-GEOD-84648,WNT
E-GEOD-8597,Estrogen
E-GEOD-9000,Androgen
E-GEOD-9757,Estrogen
E-GEOD-9759,Estrogen
E-MTAB-2872,WNT
E-MTAB-402,Androgen
E-MTAB-600,Androgen
